j,i,wait,delay,service,n_node,n_queue,rho,job
0,0,12.023984,2.108922,9.915062,1.073796,0.188336,0.442730,1024.000000
0,1,12.181906,2.204319,9.977587,1.060474,0.191744,0.434365,1025.000000
0,2,12.436439,2.417504,10.018935,1.117874,0.218094,0.449890,1024.000000
0,3,12.183215,2.226282,9.956932,1.091477,0.200182,0.445648,1024.500000
0,4,12.306819,2.336881,9.969939,1.103390,0.210126,0.446632,1024.200000
0,5,12.172661,2.283238,9.889423,1.094526,0.205770,0.444378,1024.166667
0,6,12.433972,2.460175,9.973796,1.116443,0.221215,0.447614,1024.428571
0,7,12.387501,2.427740,9.959761,1.109641,0.217783,0.445929,1024.125000
0,8,12.436818,2.447817,9.989000,1.112047,0.219138,0.446455,1024.111111
0,9,12.533739,2.555903,9.977836,1.132364,0.231843,0.450261,1024.000000
0,10,12.499310,2.507639,9.991671,1.127779,0.227152,0.450313,1024.000000
0,11,12.434810,2.446709,9.988101,1.125007,0.222042,0.451482,1024.250000
0,12,12.454043,2.457191,9.996851,1.127504,0.223092,0.452206,1024.076923
0,13,12.449090,2.451179,9.997911,1.131456,0.223345,0.454055,1024.000000
0,14,12.444820,2.434818,10.010002,1.129348,0.221515,0.453917,1024.066667
0,15,12.435739,2.429448,10.006291,1.132519,0.221755,0.455382,1024.187500
0,16,12.444454,2.440119,10.004335,1.132633,0.222556,0.455039,1024.000000
0,17,12.476881,2.466102,10.010779,1.138804,0.225614,0.456595,1024.055556
0,18,12.467062,2.455371,10.011691,1.133963,0.223880,0.455041,1024.052632
0,19,12.522496,2.476959,10.045538,1.138323,0.225671,0.456326,1024.100000
0,20,12.504605,2.468996,10.035610,1.135944,0.224780,0.455582,1024.000000
0,21,12.494666,2.457057,10.037608,1.131476,0.223033,0.454222,1024.136364
0,22,12.497360,2.462513,10.034847,1.132058,0.223574,0.454242,1024.130435
0,23,12.551408,2.482910,10.068498,1.135527,0.225095,0.455216,1024.041667
0,24,12.549489,2.492133,10.057356,1.134747,0.225779,0.454484,1024.040000
0,25,12.594877,2.520951,10.073925,1.140443,0.228744,0.455849,1024.000000
0,26,12.544553,2.478350,10.066204,1.133288,0.224552,0.454368,1024.037037
0,27,12.501503,2.462325,10.039178,1.128012,0.222832,0.452590,1024.142857
0,28,12.508658,2.472321,10.036337,1.129572,0.223910,0.452831,1024.034483
0,29,12.570704,2.530924,10.039780,1.137335,0.229816,0.453760,1024.066667
0,30,12.588809,2.531084,10.057725,1.136406,0.229308,0.453549,1024.000000
0,31,12.586871,2.521270,10.065601,1.135925,0.228342,0.453792,1024.093750
0,32,12.586896,2.523717,10.063179,1.136565,0.228670,0.453947,1024.030303
0,33,12.606686,2.538366,10.068319,1.137563,0.229790,0.453886,1024.029412
0,34,12.590609,2.528124,10.062485,1.135842,0.228796,0.453523,1024.000000
0,35,12.578118,2.515474,10.062644,1.133735,0.227467,0.453134,1024.027778
0,36,12.572694,2.509544,10.063150,1.133902,0.227034,0.453434,1024.000000
0,37,12.554101,2.497581,10.056520,1.129364,0.225442,0.451961,1024.000000
0,38,12.547242,2.494488,10.052754,1.128405,0.225078,0.451664,1024.000000
0,39,12.558318,2.504601,10.053718,1.129023,0.225884,0.451569,1024.050000
0,40,12.525546,2.483384,10.042161,1.126658,0.224044,0.451307,1024.048780
0,41,12.534555,2.483388,10.051167,1.126500,0.223842,0.451329,1024.047619
0,42,12.517338,2.469116,10.048222,1.124207,0.222426,0.450890,1024.000000
0,43,12.522226,2.479270,10.042956,1.124763,0.223350,0.450707,1024.045455
0,44,12.521099,2.476517,10.044582,1.124224,0.223005,0.450609,1024.022222
0,45,12.532327,2.475603,10.056724,1.125235,0.222909,0.451163,1024.000000
0,46,12.523897,2.468956,10.054941,1.124757,0.222349,0.451204,1024.000000
0,47,12.533069,2.486161,10.046908,1.126539,0.224125,0.451207,1024.000000
0,48,12.523179,2.476956,10.046223,1.126434,0.223417,0.451509,1024.020408
0,49,12.505086,2.465469,10.039618,1.124545,0.222328,0.451108,1024.020000
0,50,12.503170,2.472596,10.030574,1.124506,0.222987,0.450759,1024.019608
0,51,12.506245,2.477335,10.028910,1.125361,0.223526,0.450918,1024.019231
0,52,12.525925,2.489216,10.036708,1.126889,0.224528,0.451180,1024.113208
0,53,12.510392,2.477164,10.033228,1.125416,0.223421,0.450997,1024.018519
0,54,12.502728,2.475947,10.026781,1.124681,0.223292,0.450694,1024.018182
0,55,12.513411,2.482768,10.030643,1.125010,0.223757,0.450626,1024.017857
0,56,12.513467,2.488235,10.025232,1.125035,0.224244,0.450396,1024.000000
0,57,12.540947,2.502975,10.037973,1.127116,0.225467,0.450824,1024.000000
0,58,12.545815,2.507844,10.037971,1.127097,0.225797,0.450650,1024.016949
0,59,12.552950,2.512235,10.040715,1.128277,0.226298,0.450989,1024.000000
0,60,12.545153,2.505416,10.039737,1.127808,0.225718,0.451045,1024.016393
0,61,12.527663,2.496433,10.031230,1.125973,0.224858,0.450558,1024.000000
0,62,12.539332,2.502482,10.036850,1.127638,0.225527,0.451055,1024.015873
0,63,12.557107,2.514679,10.042428,1.130829,0.226999,0.451915,1024.093750
1,0,225.360530,2.664846,222.695684,0.219176,0.002592,0.108292,1025.000000
1,1,228.642714,2.369102,226.273612,0.216938,0.002256,0.107341,1024.000000
1,2,228.212409,1.971863,226.240547,0.216220,0.001874,0.107173,1024.000000
1,3,225.406717,1.937166,223.469552,0.213082,0.001836,0.105623,1024.250000
1,4,226.120238,2.071328,224.048910,0.211707,0.001939,0.104884,1024.000000
1,5,225.934456,1.980905,223.953551,0.212426,0.001860,0.105283,1024.000000
1,6,225.278409,2.221343,223.057067,0.213046,0.002107,0.105470,1024.000000
1,7,226.061872,2.199245,223.862627,0.214674,0.002093,0.106290,1024.000000
1,8,226.318736,2.147295,224.171441,0.214554,0.002040,0.106257,1024.000000
1,9,226.685045,2.158169,224.526876,0.214838,0.002050,0.106394,1024.000000
1,10,226.541735,2.233930,224.307805,0.214144,0.002114,0.106015,1024.000000
1,11,226.363975,2.171979,224.191996,0.214568,0.002059,0.106254,1024.000000
1,12,227.038742,2.167361,224.871381,0.214850,0.002051,0.106399,1024.076923
1,13,227.252497,2.168478,225.084018,0.214314,0.002045,0.106134,1024.000000
1,14,226.632533,2.291209,224.341324,0.213949,0.002165,0.105892,1024.000000
1,15,227.008976,2.229405,224.779571,0.214446,0.002107,0.106169,1024.062500
1,16,227.794480,2.250008,225.544472,0.215164,0.002127,0.106519,1024.000000
1,17,228.125642,2.179503,225.946139,0.215161,0.002059,0.106551,1024.000000
1,18,228.170178,2.153857,226.016320,0.215403,0.002036,0.106684,1024.000000
1,19,228.220438,2.140988,226.079449,0.215301,0.002022,0.106640,1024.000000
1,20,228.528255,2.156494,226.371761,0.214981,0.002030,0.106475,1024.000000
1,21,228.374356,2.191561,226.182795,0.214935,0.002064,0.106435,1024.000000
1,22,228.337023,2.177801,226.159222,0.214947,0.002052,0.106447,1024.000000
1,23,227.711800,2.170952,225.540848,0.214190,0.002044,0.106073,1024.000000
1,24,227.193809,2.131204,225.062605,0.213738,0.002006,0.105866,1024.040000
1,25,227.445695,2.164739,225.280956,0.213627,0.002033,0.105797,1024.000000
1,26,227.582868,2.150849,225.432020,0.213542,0.002019,0.105762,1024.037037
1,27,227.195397,2.121333,225.074064,0.213025,0.001990,0.105517,1024.000000
1,28,227.447829,2.163446,225.284383,0.213459,0.002032,0.105713,1024.000000
1,29,227.511691,2.181622,225.330070,0.213837,0.002053,0.105892,1024.000000
1,30,227.445010,2.186799,225.258211,0.213899,0.002059,0.105920,1024.000000
1,31,227.603736,2.176412,225.427324,0.213893,0.002048,0.105922,1024.000000
1,32,227.527569,2.172279,225.355291,0.214104,0.002047,0.106029,1024.000000
1,33,227.337789,2.220756,225.117033,0.214099,0.002095,0.106002,1024.000000
1,34,227.589866,2.217270,225.372597,0.214169,0.002090,0.106040,1024.057143
1,35,227.700144,2.219593,225.480551,0.214410,0.002094,0.106158,1024.000000
1,36,227.213648,2.217277,224.996371,0.213927,0.002091,0.105918,1024.000000
1,37,227.175413,2.215834,224.959580,0.214230,0.002093,0.106068,1024.026316
1,38,226.728212,2.193392,224.534821,0.213868,0.002072,0.105898,1024.000000
1,39,226.586698,2.264489,224.322209,0.213848,0.002142,0.105853,1024.000000
1,40,226.730723,2.234303,224.496421,0.213752,0.002112,0.105820,1024.000000
1,41,226.950055,2.226023,224.724032,0.213826,0.002103,0.105861,1024.000000
1,42,227.144474,2.214513,224.929962,0.213734,0.002090,0.105822,1024.000000
1,43,227.057840,2.206564,224.851276,0.213410,0.002080,0.105665,1024.000000
1,44,227.374231,2.219432,225.154800,0.213891,0.002095,0.105898,1024.022222
1,45,227.202083,2.206574,224.995509,0.213810,0.002083,0.105864,1024.000000
1,46,227.299357,2.195894,225.103462,0.213971,0.002073,0.105949,1024.000000
1,47,227.168743,2.195610,224.973133,0.213832,0.002073,0.105880,1024.000000
1,48,227.131462,2.175954,224.955508,0.213528,0.002053,0.105738,1024.000000
1,49,227.285014,2.194199,225.090815,0.213404,0.002066,0.105669,1024.020000
1,50,227.110148,2.228412,224.881736,0.213292,0.002099,0.105596,1024.019608
1,51,227.155930,2.241137,224.914793,0.213303,0.002110,0.105596,1024.000000
1,52,227.076114,2.240302,224.835812,0.213089,0.002108,0.105490,1024.000000
1,53,226.954511,2.229565,224.724946,0.212936,0.002098,0.105419,1024.000000
1,54,226.986202,2.259580,224.726623,0.212918,0.002125,0.105397,1024.000000
1,55,227.004128,2.254394,224.749734,0.213006,0.002121,0.105443,1024.000000
1,56,227.110326,2.246491,224.863836,0.213023,0.002112,0.105455,1024.000000
1,57,227.169438,2.251560,224.917877,0.213095,0.002117,0.105489,1024.017241
1,58,227.225381,2.258813,224.966569,0.213228,0.002125,0.105551,1024.000000
1,59,227.457169,2.268989,225.188179,0.213515,0.002135,0.105690,1024.000000
1,60,227.287821,2.256337,225.031484,0.213429,0.002124,0.105653,1024.000000
1,61,227.520071,2.306972,225.213098,0.213613,0.002170,0.105721,1024.000000
1,62,227.470888,2.307098,225.163789,0.213393,0.002169,0.105612,1024.000000
1,63,227.455128,2.311784,225.143344,0.213555,0.002175,0.105690,1024.000000
2,0,115.966306,21.203591,94.762715,2.168511,0.396496,0.590672,1024.000000
2,1,116.905109,21.562474,95.342635,2.146723,0.395889,0.583611,1025.500000
2,2,117.840571,24.462521,93.378050,2.228788,0.465566,0.587741,1024.333333
2,3,119.608652,26.539864,93.068789,2.292251,0.512010,0.593414,1024.250000
2,4,116.410597,24.404886,92.005711,2.237606,0.471434,0.588724,1024.400000
2,5,115.644775,23.351182,92.293593,2.212317,0.449082,0.587745,1024.166667
2,6,114.865348,23.273426,91.591921,2.199067,0.447601,0.583822,1024.571429
2,7,114.995217,23.559007,91.436210,2.204759,0.453520,0.583746,1025.000000
2,8,115.265914,23.650888,91.615027,2.197771,0.452549,0.581741,1024.111111
2,9,116.282769,24.027755,92.255014,2.219280,0.460039,0.586414,1024.100000
2,10,115.436618,23.507902,91.928717,2.203203,0.449996,0.584402,1024.636364
2,11,115.730908,23.627966,92.102942,2.210738,0.452580,0.586053,1024.083333
2,12,115.752280,23.887949,91.864331,2.215324,0.458424,0.585633,1024.000000
2,13,115.105914,23.500110,91.605804,2.199650,0.450341,0.583103,1024.142857
2,14,116.084968,24.329995,91.754974,2.219916,0.466547,0.584456,1024.133333
2,15,115.881605,24.111096,91.770508,2.219604,0.462941,0.585554,1024.187500
2,16,115.209811,23.607119,91.602693,2.207296,0.453306,0.584664,1024.235294
2,17,115.882258,23.970596,91.911662,2.218308,0.459770,0.586179,1024.000000
2,18,116.041840,24.177131,91.864709,2.215133,0.462214,0.584306,1024.052632
2,19,115.623477,23.813296,91.810181,2.205719,0.455010,0.583570,1024.000000
2,20,116.402939,24.686321,91.716618,2.229532,0.474486,0.585016,1024.142857
2,21,116.747502,24.855989,91.891513,2.231535,0.476607,0.584976,1024.136364
2,22,116.757236,24.732835,92.024400,2.226871,0.473274,0.584532,1024.000000
2,23,117.150758,25.133537,92.017221,2.240665,0.482563,0.586034,1024.000000
2,24,118.133220,25.995231,92.137989,2.266986,0.501450,0.588512,1024.080000
2,25,118.156904,25.948964,92.207939,2.266204,0.500205,0.588667,1024.076923
2,26,117.872189,25.645430,92.226759,2.257018,0.493691,0.587776,1024.000000
2,27,117.661279,25.445687,92.215591,2.253840,0.489927,0.587971,1024.107143
2,28,117.331393,25.156117,92.175276,2.247006,0.484212,0.587598,1024.000000
2,29,117.539019,25.249700,92.289319,2.251528,0.486046,0.588494,1024.033333
2,30,117.353357,25.161369,92.191989,2.251059,0.484899,0.588720,1024.064516
2,31,117.454190,25.247846,92.206343,2.254313,0.486793,0.589173,1024.093750
2,32,117.975573,25.545742,92.429831,2.264913,0.492598,0.590771,1024.090909
2,33,117.586898,25.218014,92.368883,2.253607,0.485714,0.589298,1024.029412
2,34,117.537900,25.236050,92.301850,2.252800,0.486021,0.588926,1024.085714
2,35,117.719666,25.259085,92.460581,2.254701,0.486065,0.589545,1024.000000
2,36,117.719707,25.219012,92.500694,2.253177,0.484928,0.589416,1024.108108
2,37,117.435696,25.038043,92.397653,2.244350,0.480824,0.587842,1024.026316
2,38,117.816774,25.387947,92.428826,2.252891,0.487820,0.588357,1024.000000
2,39,117.828931,25.323591,92.505340,2.249181,0.485770,0.587804,1024.025000
2,40,117.638167,25.216682,92.421485,2.246529,0.483860,0.587556,1024.024390
2,41,117.305161,25.094756,92.210405,2.240558,0.481552,0.586335,1024.023810
2,42,117.292150,25.231116,92.061034,2.241349,0.484380,0.585656,1024.023256
2,43,117.185970,25.220326,91.965644,2.241009,0.484494,0.585505,1024.045455
2,44,117.675609,25.559307,92.116302,2.250616,0.490999,0.586539,1024.111111
2,45,117.853843,25.664040,92.189803,2.254290,0.493019,0.587090,1024.000000
2,46,117.980230,25.809401,92.170829,2.255643,0.495475,0.586723,1024.021277
2,47,118.038914,25.819007,92.219908,2.257938,0.495871,0.587356,1024.041667
2,48,117.760920,25.558092,92.202828,2.250745,0.490606,0.586713,1024.040816
2,49,117.704984,25.493275,92.211708,2.247738,0.488948,0.586263,1024.040000
2,50,117.890409,25.567901,92.322508,2.252564,0.490628,0.587312,1024.039216
2,51,117.922704,25.570240,92.352465,2.254838,0.490988,0.587950,1024.019231
2,52,117.848219,25.455284,92.392935,2.251896,0.488492,0.587801,1024.018868
2,53,117.790829,25.455890,92.334939,2.248712,0.488001,0.586903,1024.000000
2,54,117.845774,25.528029,92.317745,2.251145,0.489679,0.587155,1024.327273
2,55,117.916206,25.600906,92.315299,2.253055,0.491172,0.587294,1024.053571
2,56,117.900489,25.523521,92.376968,2.250819,0.489307,0.587170,1024.000000
2,57,118.104240,25.678061,92.426179,2.254476,0.492161,0.587438,1024.000000
2,58,117.864636,25.465724,92.398912,2.247709,0.487796,0.586638,1024.050847
2,59,117.927311,25.498438,92.428874,2.248716,0.488342,0.586791,1024.000000
2,60,117.876077,25.427545,92.448532,2.246280,0.486686,0.586531,1024.065574
2,61,117.727368,25.308987,92.418381,2.242512,0.484237,0.586092,1024.000000
2,62,117.741613,25.326510,92.415103,2.243902,0.484786,0.586372,1024.031746
2,63,117.916537,25.412564,92.503973,2.246606,0.486242,0.586788,1023.968750
3,0,142.279453,37.271741,105.007712,7.360642,1.928205,0.776062,1034.000000
3,1,136.635376,30.107027,106.528349,7.050424,1.554355,0.785153,1027.500000
3,2,131.599565,25.658843,105.940723,6.840858,1.331488,0.787053,1026.000000
3,3,127.994075,23.694139,104.299936,6.695738,1.236364,0.779911,1025.000000
3,4,131.118143,26.445784,104.672358,6.873310,1.384628,0.784097,1025.000000
3,5,135.601943,30.716118,104.885825,7.206470,1.641091,0.795054,1024.666667
3,6,136.233227,31.403385,104.829842,7.279247,1.686325,0.798989,1026.000000
3,7,139.597696,33.832533,105.765163,7.481028,1.821931,0.808442,1024.500000
3,8,140.260273,34.470722,105.789551,7.502417,1.851310,0.807301,1024.333333
3,9,137.886568,32.768401,105.118168,7.356731,1.756702,0.800004,1024.700000
3,10,137.620021,32.175694,105.444327,7.307535,1.717513,0.798575,1024.727273
3,11,137.638930,32.055505,105.583424,7.315834,1.712007,0.800547,1025.166667
3,12,136.063619,30.578683,105.484936,7.196966,1.629026,0.795420,1024.384615
3,13,136.226764,30.465553,105.761211,7.184036,1.617695,0.795192,1025.214286
3,14,136.962243,31.035387,105.926856,7.232924,1.649684,0.797606,1024.933333
3,15,135.742183,30.116935,105.625248,7.155548,1.598710,0.793834,1024.187500
3,16,135.891465,30.127979,105.763486,7.167414,1.599514,0.795414,1024.352941
3,17,135.295034,29.611870,105.683164,7.137237,1.571925,0.795044,1024.388889
3,18,134.302725,28.867397,105.435328,7.075657,1.530910,0.792107,1024.157895
3,19,133.453063,28.172586,105.280477,7.029271,1.493594,0.790811,1024.300000
3,20,132.605332,27.585093,105.020239,6.976551,1.461084,0.787924,1024.285714
3,21,132.818752,27.566855,105.251897,6.982355,1.458605,0.789107,1024.409091
3,22,133.100998,27.725769,105.375229,6.984598,1.463728,0.788696,1024.217391
3,23,132.751030,27.395812,105.355218,6.959985,1.445055,0.787847,1024.250000
3,24,132.511578,27.182081,105.329497,6.941709,1.432505,0.787029,1024.080000
3,25,131.792198,26.635410,105.156788,6.903748,1.403506,0.785749,1024.115385
3,26,131.353974,26.354476,104.999498,6.881609,1.388614,0.784714,1024.111111
3,27,131.415344,26.499226,104.916118,6.891307,1.397397,0.784844,1024.142857
3,28,132.115922,27.214755,104.901167,6.944786,1.439863,0.786418,1024.275862
3,29,134.147324,29.202581,104.944743,7.058572,1.547195,0.787340,1024.433333
3,30,134.581067,29.513546,105.067521,7.072379,1.560843,0.787362,1024.096774
3,31,134.453820,29.255089,105.198731,7.056674,1.545484,0.787313,1024.250000
3,32,135.119333,29.820690,105.298644,7.090363,1.574484,0.787983,1024.212121
3,33,135.421230,30.023654,105.397577,7.100351,1.583373,0.788140,1024.529412
3,34,135.696576,30.387799,105.308777,7.111161,1.601134,0.787147,1024.171429
3,35,135.738818,30.448144,105.290674,7.117714,1.605085,0.787518,1024.055556
3,36,135.913688,30.591957,105.321730,7.132331,1.613767,0.788366,1024.216216
3,37,136.838596,31.356260,105.482336,7.177394,1.652443,0.789279,1024.157895
3,38,136.366813,31.024570,105.342244,7.153689,1.635009,0.788383,1024.076923
3,39,136.609221,31.393844,105.215377,7.176288,1.657292,0.788428,1024.400000
3,40,137.854880,32.532916,105.321964,7.252388,1.721368,0.790146,1024.341463
3,41,138.614649,33.112873,105.501777,7.288578,1.750377,0.791172,1024.166667
3,42,138.820881,33.229801,105.591080,7.299053,1.756215,0.791834,1024.162791
3,43,138.609371,33.060253,105.549119,7.290835,1.747673,0.791880,1024.136364
3,44,138.119409,32.616992,105.502417,7.263108,1.723944,0.791309,1024.200000
3,45,138.162908,32.572142,105.590766,7.262607,1.720787,0.791689,1024.108696
3,46,138.938495,33.276612,105.661884,7.306097,1.758658,0.792491,1024.170213
3,47,138.490258,32.906007,105.584251,7.287632,1.739660,0.792567,1024.250000
3,48,138.137245,32.570612,105.566633,7.265012,1.721296,0.791959,1024.040816
3,49,137.798814,32.333013,105.465801,7.246010,1.708428,0.791083,1024.180000
3,50,137.608713,32.097220,105.511494,7.231870,1.695211,0.790951,1024.058824
3,51,137.659490,32.174150,105.485340,7.232461,1.698558,0.790557,1024.115385
3,52,138.147372,32.615569,105.531803,7.257726,1.721471,0.790894,1024.113208
3,53,138.515738,32.875467,105.640271,7.283859,1.736979,0.792411,1024.314815
3,54,138.327412,32.730219,105.597194,7.271603,1.728734,0.791838,1024.072727
3,55,138.250535,32.631072,105.619463,7.269059,1.723680,0.792197,1024.089286
3,56,137.910204,32.337814,105.572391,7.247710,1.707658,0.791436,1024.070175
3,57,137.833329,32.298700,105.534629,7.245493,1.705873,0.791374,1024.086207
3,58,137.830782,32.315336,105.515446,7.248990,1.707489,0.791643,1024.067797
3,59,137.578164,32.102244,105.475920,7.234596,1.695973,0.791232,1024.100000
3,60,137.308942,31.881077,105.427865,7.214114,1.683243,0.790124,1024.081967
3,61,137.454240,32.002814,105.451427,7.225105,1.690410,0.790671,1024.096774
3,62,138.076014,32.547653,105.528361,7.258081,1.719029,0.791293,1024.095238
3,63,137.809714,32.358161,105.451553,7.241013,1.708423,0.790370,1024.125000
4,0,245.708262,82.091982,163.616281,4.363833,1.457972,0.726465,1029.000000
4,1,222.103806,62.889365,159.214441,3.903160,1.107806,0.698839,1024.500000
4,2,218.665111,58.055233,160.609878,3.829776,1.019022,0.702688,1027.000000
4,3,212.732987,53.094110,159.638876,3.727722,0.931937,0.698946,1024.500000
4,4,215.031110,53.253752,161.777358,3.759151,0.932296,0.706714,1024.000000
4,5,218.571570,55.544414,163.027156,3.801390,0.966547,0.708711,1025.000000
4,6,220.649966,56.929975,163.719991,3.830609,0.988632,0.710494,1025.000000
4,7,225.997868,61.384064,164.613804,3.928008,1.067521,0.715122,1025.625000
4,8,225.239392,60.200609,165.038783,3.905338,1.044687,0.715163,1024.555556
4,9,230.078811,64.591792,165.487020,3.975981,1.115687,0.715073,1024.300000
4,10,231.893684,66.408402,165.485283,4.029708,1.154692,0.718754,1024.727273
4,11,230.474123,65.027144,165.446979,4.001653,1.129846,0.717952,1024.000000
4,12,232.704038,66.567520,166.136518,4.052187,1.160403,0.722946,1024.384615
4,13,233.115168,66.774247,166.340921,4.058016,1.163528,0.723622,1024.071429
4,14,230.947056,65.069781,165.877275,4.003645,1.130365,0.718320,1024.133333
4,15,230.149132,64.355295,165.793837,3.989957,1.117869,0.718022,1024.125000
4,16,229.802188,64.380464,165.421724,3.994444,1.121211,0.718308,1024.176471
4,17,227.730192,62.938632,164.791560,3.960752,1.096493,0.716065,1024.166667
4,18,228.713662,64.020094,164.693568,3.987866,1.118597,0.717317,1024.052632
4,19,226.866887,62.465590,164.401297,3.956714,1.091555,0.716290,1024.300000
4,20,228.176664,63.452868,164.723796,3.979281,1.108583,0.717675,1024.095238
4,21,227.612991,62.941905,164.671086,3.973440,1.100547,0.718223,1024.045455
4,22,227.837333,63.039688,164.797645,3.969847,1.100074,0.717443,1024.173913
4,23,228.087591,63.270012,164.817579,3.966402,1.101728,0.716168,1024.250000
4,24,228.983507,64.007150,164.976357,3.987339,1.116236,0.717776,1024.200000
4,25,228.877814,63.791556,165.086257,3.982957,1.111761,0.717799,1024.230769
4,26,229.365780,63.993790,165.371990,3.996565,1.116683,0.719970,1024.259259
4,27,229.643809,64.230449,165.413360,4.009171,1.123060,0.721528,1024.035714
4,28,229.659529,64.143886,165.515643,4.013185,1.122493,0.722673,1024.206897
4,29,230.473324,64.668563,165.804761,4.032973,1.133358,0.724904,1024.166667
4,30,235.009453,69.054444,165.955009,4.122623,1.215603,0.726755,1024.032258
4,31,233.931876,68.153703,165.778173,4.102703,1.199466,0.725809,1024.093750
4,32,234.136804,68.409800,165.727004,4.111921,1.205621,0.726575,1024.060606
4,33,235.171652,69.469864,165.701789,4.134101,1.225668,0.727108,1024.058824
4,34,235.208325,69.481445,165.726881,4.140751,1.227519,0.728308,1024.085714
4,35,234.953661,69.344012,165.609649,4.129793,1.223130,0.726666,1024.027778
4,36,236.032137,70.359684,165.672453,4.142833,1.238566,0.726067,1024.054054
4,37,237.301646,71.474714,165.826932,4.169398,1.259740,0.727414,1024.078947
4,38,237.455314,71.526471,165.928844,4.170536,1.260077,0.727615,1024.051282
4,39,236.708897,70.768025,165.940872,4.156142,1.246406,0.727434,1024.075000
4,40,237.835451,71.441997,166.393455,4.176182,1.258236,0.729487,1024.121951
4,41,237.611101,71.243420,166.367681,4.174085,1.255168,0.729729,1024.238095
4,42,237.381295,70.965351,166.415944,4.168860,1.249889,0.729743,1024.023256
4,43,237.357211,70.947719,166.409491,4.168586,1.249542,0.729761,1024.022727
4,44,236.883477,70.633369,166.250108,4.160605,1.244032,0.729143,1024.022222
4,45,236.671587,70.483076,166.188511,4.156583,1.241233,0.728837,1024.065217
4,46,237.244843,70.877037,166.367806,4.170152,1.249263,0.730222,1024.042553
4,47,236.589014,70.318249,166.270765,4.157725,1.239177,0.729637,1024.166667
4,48,236.682459,70.354975,166.327484,4.155101,1.238477,0.729156,1024.102041
4,49,238.801916,72.523635,166.278280,4.201401,1.281226,0.730044,1024.160000
4,50,238.613132,72.358251,166.254881,4.192988,1.276789,0.729050,1024.039216
4,51,238.885410,72.683343,166.202067,4.202044,1.283908,0.729534,1024.019231
4,52,239.667447,73.325023,166.342423,4.219153,1.296370,0.730696,1024.018868
4,53,239.021219,72.688370,166.332849,4.208717,1.285238,0.730870,1024.018519
4,54,238.570543,72.290377,166.280166,4.198218,1.277525,0.730173,1024.181818
4,55,238.494216,72.210438,166.283778,4.200584,1.277096,0.730872,1024.017857
4,56,238.331544,72.146716,166.184829,4.198171,1.276016,0.730539,1024.105263
4,57,238.091658,72.027169,166.064489,4.195635,1.274313,0.730331,1024.051724
4,58,237.284076,71.373574,165.910502,4.180852,1.262612,0.729560,1024.152542
4,59,237.127814,71.312866,165.814948,4.178299,1.261518,0.729195,1024.100000
4,60,236.787263,71.023155,165.764108,4.172647,1.256419,0.729057,1024.081967
4,61,236.363816,70.664540,165.699275,4.164022,1.249751,0.728568,1024.048387
4,62,236.267711,70.457462,165.810248,4.160381,1.245539,0.728711,1024.095238
4,63,235.800623,69.994280,165.806343,4.148666,1.236616,0.728012,1023.953125
5,0,106.179584,10.670207,95.509378,0.410081,0.041210,0.122957,210.000000
5,1,104.763070,10.458953,94.304117,0.431011,0.043012,0.129333,229.000000
5,2,106.651228,10.669534,95.981693,0.454929,0.045506,0.136474,230.000000
5,3,106.923434,11.515722,95.407712,0.474587,0.051530,0.141019,236.250000
5,4,104.297794,10.596346,93.701448,0.462068,0.047302,0.138255,235.200000
5,5,105.741408,10.235989,95.505419,0.467141,0.045547,0.140531,235.833333
5,6,103.619493,10.301362,93.318131,0.455368,0.045507,0.136620,234.428571
5,7,103.777527,10.881634,92.895893,0.458216,0.048334,0.136627,235.375000
5,8,102.880338,10.925965,91.954373,0.452692,0.048314,0.134793,235.666667
5,9,103.088000,11.081727,92.006273,0.456400,0.049308,0.135697,236.900000
5,10,102.112024,10.967332,91.144692,0.452726,0.048848,0.134626,237.454545
5,11,102.425198,11.154722,91.270476,0.455309,0.049809,0.135167,237.750000
5,12,102.879881,11.204262,91.675619,0.453446,0.049589,0.134619,235.461538
5,13,102.815733,10.986431,91.829302,0.454558,0.048726,0.135277,236.642857
5,14,103.519208,11.089624,92.429584,0.457854,0.049193,0.136221,236.600000
5,15,103.502261,11.243284,92.258977,0.456798,0.049734,0.135688,235.750000
5,16,103.725219,11.301966,92.423253,0.458582,0.050078,0.136168,235.941176
5,17,104.281909,11.555741,92.726168,0.461198,0.051215,0.136661,236.166667
5,18,104.054582,11.519386,92.535196,0.458305,0.050844,0.135820,235.789474
5,19,103.361116,11.449997,91.911119,0.455967,0.050613,0.135118,236.400000
5,20,103.466447,11.417628,92.048819,0.455801,0.050401,0.135133,235.333333
5,21,103.424870,11.387754,92.037116,0.455952,0.050300,0.135217,236.000000
5,22,103.992915,11.538963,92.453952,0.458118,0.050919,0.135733,236.347826
5,23,104.491816,11.818386,92.673430,0.462635,0.052511,0.136708,236.750000
5,24,104.235329,11.888003,92.347326,0.464237,0.053191,0.137016,237.560000
5,25,104.301538,11.900291,92.401247,0.463701,0.053140,0.136854,237.269231
5,26,104.481178,11.858504,92.622674,0.463966,0.052893,0.137024,237.407407
5,27,104.530495,11.908370,92.622125,0.465216,0.053235,0.137327,237.857143
5,28,104.321979,11.777657,92.544322,0.463461,0.052577,0.136961,237.413793
5,29,104.165194,11.773849,92.391345,0.463918,0.052687,0.137077,237.900000
5,30,104.233732,11.799762,92.433970,0.464885,0.052873,0.137337,237.903226
5,31,104.275790,11.847333,92.428456,0.466390,0.053243,0.137715,238.437500
5,32,104.463558,11.918653,92.544905,0.466674,0.053483,0.137730,238.121212
5,33,104.229373,11.838583,92.390790,0.464414,0.053003,0.137137,237.882353
5,34,104.091708,11.856342,92.235366,0.462157,0.052869,0.136430,237.000000
5,35,103.862977,11.925847,91.937130,0.459827,0.052974,0.135618,236.388889
5,36,103.880380,11.848519,92.031861,0.460077,0.052642,0.135812,236.675676
5,37,103.846084,11.860699,91.985385,0.459191,0.052603,0.135529,236.657895
5,38,104.102231,11.983666,92.118565,0.460485,0.053167,0.135773,236.615385
5,39,104.205462,11.926419,92.279043,0.459961,0.052822,0.135713,236.550000
5,40,103.986834,11.807854,92.178980,0.458453,0.052254,0.135400,236.146341
5,41,103.759693,11.727422,92.032271,0.456373,0.051798,0.134858,235.452381
5,42,103.597106,11.675022,91.922084,0.456135,0.051609,0.134842,235.604651
5,43,103.447669,11.720328,91.727342,0.455950,0.051871,0.134693,235.568182
5,44,103.653312,11.858977,91.794334,0.457480,0.052577,0.134968,235.844444
5,45,103.745734,11.930723,91.815011,0.457566,0.052843,0.134908,235.630435
5,46,103.637026,11.966897,91.670129,0.457185,0.053011,0.134724,235.808511
5,47,103.677614,11.993151,91.684463,0.457679,0.053162,0.134839,235.854167
5,48,103.702243,11.943971,91.758271,0.457646,0.052927,0.134906,236.020408
5,49,103.494897,11.905515,91.589383,0.457386,0.052824,0.134854,236.640000
5,50,103.546323,11.920369,91.625954,0.458300,0.052967,0.135111,236.862745
5,51,103.444063,11.947521,91.496543,0.457259,0.053003,0.134752,236.384615
5,52,103.610731,11.946128,91.664603,0.457965,0.052991,0.134992,236.547170
5,53,103.673442,11.935476,91.737966,0.457865,0.052900,0.134988,236.555556
5,54,103.597072,11.944423,91.652649,0.458268,0.053028,0.135080,236.890909
5,55,103.547279,11.897077,91.650202,0.458082,0.052819,0.135088,236.785714
5,56,103.536685,11.890505,91.646180,0.458175,0.052802,0.135124,237.070175
5,57,103.839106,12.056791,91.782315,0.459909,0.053605,0.135435,237.206897
5,58,103.815430,11.997713,91.817717,0.459174,0.053287,0.135295,237.152542
5,59,103.789019,12.010691,91.778328,0.458383,0.053257,0.135042,236.800000
5,60,103.661933,11.995067,91.666865,0.457751,0.053176,0.134858,236.934426
5,61,103.647075,12.022919,91.624157,0.457139,0.053223,0.134639,236.741935
5,62,103.631609,12.027276,91.604333,0.457403,0.053279,0.134708,236.809524
5,63,103.714692,12.074602,91.640090,0.457858,0.053497,0.134787,236.906250
6,0,118.491136,23.921049,94.570087,1.761328,0.355578,0.468583,814.000000
6,1,120.475191,24.779397,95.695794,1.718130,0.353118,0.455004,796.500000
6,2,121.129434,28.483882,92.645553,1.776033,0.420277,0.451918,794.333333
6,3,123.498926,31.107571,92.391355,1.819374,0.460653,0.452907,788.000000
6,4,120.094390,28.579596,91.514794,1.776928,0.424273,0.450885,789.200000
6,5,118.656487,27.320324,91.336164,1.746368,0.403655,0.447571,788.333333
6,6,118.224767,27.163795,91.060972,1.744722,0.402196,0.447509,790.142857
6,7,118.358846,27.371591,90.987255,1.747437,0.405275,0.447387,789.625000
6,8,118.993422,27.484733,91.508689,1.745897,0.404320,0.447192,788.444444
6,9,120.291962,27.955551,92.336411,1.763697,0.410817,0.450960,787.200000
6,10,119.491799,27.316825,92.174974,1.751219,0.401227,0.449997,787.181818
6,11,119.786704,27.422736,92.363968,1.756152,0.402847,0.451102,786.333333
6,12,119.646721,27.689396,91.957325,1.762546,0.408906,0.451213,788.538462
6,13,118.831979,27.269643,91.562336,1.745747,0.401684,0.448021,787.500000
6,14,119.890550,28.315714,91.574837,1.762673,0.417419,0.448418,787.533333
6,15,119.615877,27.974213,91.641664,1.763379,0.413267,0.450037,788.437500
6,16,118.673776,27.302066,91.371711,1.749587,0.403322,0.448755,788.294118
6,17,119.385716,27.704367,91.681348,1.757965,0.408652,0.449771,787.833333
6,18,119.647861,27.972244,91.675617,1.757688,0.411469,0.448740,788.263158
6,19,119.329026,27.526954,91.802072,1.750615,0.404498,0.448706,787.600000
6,20,120.263181,28.616426,91.646756,1.774626,0.424188,0.450146,788.809524
6,21,120.746930,28.866710,91.880220,1.776437,0.426405,0.450010,788.136364
6,22,120.589350,28.666908,91.922442,1.769578,0.422450,0.449043,787.652174
6,23,120.958048,29.115864,91.842184,1.778899,0.430156,0.449581,787.250000
6,24,122.371500,30.260974,92.110526,1.803589,0.448360,0.451743,786.520000
6,25,122.374695,30.190851,92.183843,1.803313,0.447161,0.452051,786.807692
6,26,121.948827,29.810000,92.138826,1.793855,0.440894,0.450987,786.592593
6,27,121.662471,29.539638,92.122833,1.789397,0.436783,0.450871,786.250000
6,28,121.288293,29.195942,92.092350,1.784346,0.431728,0.450873,786.586207
6,29,121.624191,29.331995,92.292196,1.788548,0.433469,0.451693,786.133333
6,30,121.360341,29.208888,92.151453,1.787081,0.432133,0.451650,786.161290
6,31,121.491195,29.320045,92.171150,1.788802,0.433653,0.451717,785.656250
6,32,122.100188,29.675753,92.424436,1.799094,0.439215,0.453293,785.969697
6,33,121.660746,29.271026,92.389720,1.790035,0.432810,0.452408,786.147059
6,34,121.614223,29.269949,92.344274,1.791467,0.433249,0.452739,787.085714
6,35,121.891889,29.267675,92.624215,1.795694,0.433188,0.454169,787.611111
6,36,121.892118,29.245012,92.647106,1.793902,0.432381,0.453841,787.432432
6,37,121.532723,29.005808,92.526915,1.785970,0.428316,0.452551,787.368421
6,38,121.949923,29.422417,92.527506,1.793202,0.434747,0.452818,787.384615
6,39,121.933238,29.354230,92.579008,1.789997,0.433040,0.452319,787.475000
6,40,121.740916,29.241614,92.499302,1.788919,0.431714,0.452402,787.878049
6,41,121.365755,29.094232,92.271523,1.785091,0.429866,0.451741,788.571429
6,42,121.402083,29.292198,92.109886,1.786112,0.432882,0.451077,788.418605
6,43,121.307369,29.263658,92.043711,1.786167,0.432765,0.451134,788.477273
6,44,121.893027,29.672071,92.220956,1.794268,0.438568,0.451900,788.266667
6,45,122.090909,29.781678,92.309231,1.797862,0.440323,0.452513,788.369565
6,46,122.294374,29.964830,92.329544,1.799572,0.442607,0.452322,788.212766
6,47,122.359019,29.970042,92.388977,1.801366,0.442852,0.452838,788.187500
6,48,121.989877,29.646443,92.343434,1.794183,0.437818,0.452122,788.020408
6,49,122.001937,29.586598,92.415339,1.791415,0.436262,0.451718,787.400000
6,50,122.234979,29.685212,92.549768,1.795305,0.437795,0.452503,787.176471
6,51,122.291006,29.670491,92.620516,1.798610,0.438118,0.453497,787.634615
6,52,122.144174,29.523294,92.620880,1.794945,0.435633,0.453104,787.471698
6,53,122.050515,29.527394,92.523121,1.791902,0.435237,0.452222,787.444444
6,54,122.153728,29.625632,92.528095,1.793912,0.436783,0.452376,787.436364
6,55,122.258475,29.733055,92.525420,1.796008,0.438485,0.452508,787.267857
6,56,122.247935,29.639048,92.608887,1.793663,0.436635,0.452342,786.929825
6,57,122.423586,29.792862,92.630724,1.795719,0.438710,0.452336,786.793103
6,58,122.118401,29.533684,92.584717,1.789668,0.434661,0.451669,786.898305
6,59,122.196913,29.564123,92.632790,1.791469,0.435237,0.452077,787.200000
6,60,122.171942,29.478472,92.693470,1.789665,0.433662,0.452001,787.131148
6,61,121.980948,29.314457,92.666491,1.786556,0.431175,0.451794,787.258065
6,62,122.005412,29.337187,92.668224,1.787664,0.431666,0.452000,787.222222
6,63,122.211385,29.437674,92.773711,1.790006,0.432931,0.452358,787.062500
7,0,122.598199,12.173924,110.424275,0.975291,0.096846,0.125492,159.000000
7,1,122.465824,10.982756,111.483068,0.993195,0.088887,0.129187,161.500000
7,2,121.518708,9.502605,112.016102,0.973141,0.076267,0.128125,158.000000
7,3,118.002988,8.450192,109.552796,0.928462,0.066983,0.123068,153.750000
7,4,117.176800,8.270113,108.906687,0.905400,0.064369,0.120147,150.600000
7,5,116.809709,8.228513,108.581197,0.917514,0.065013,0.121786,151.333333
7,6,114.817798,8.577002,106.240796,0.927409,0.070345,0.122438,155.428571
7,7,115.515836,8.962801,106.553035,0.947409,0.074719,0.124670,157.000000
7,8,116.744878,9.040324,107.704554,0.964774,0.075776,0.127000,158.333333
7,9,115.886436,8.498446,107.387990,0.949705,0.070924,0.125540,157.300000
7,10,115.878088,8.516114,107.361974,0.943761,0.070512,0.124750,157.090909
7,11,115.541251,8.502180,107.039072,0.942188,0.070390,0.124543,157.083333
7,12,115.198604,8.238011,106.960593,0.930667,0.067756,0.123273,156.307692
7,13,115.752145,8.281546,107.470599,0.930823,0.067711,0.123302,156.214286
7,14,115.601917,8.338622,107.263295,0.928137,0.067977,0.122880,155.733333
7,15,114.482531,8.145918,106.336613,0.913584,0.066066,0.121074,154.812500
7,16,114.950415,8.237859,106.712556,0.928975,0.067662,0.123045,156.470588
7,17,115.156350,8.137770,107.018580,0.929446,0.066728,0.123245,156.277778
7,18,115.216670,8.064961,107.151710,0.926043,0.065859,0.122883,155.842105
7,19,114.402636,7.956472,106.446164,0.923917,0.065198,0.122674,156.800000
7,20,113.252114,7.773843,105.478271,0.912370,0.063576,0.121256,156.523810
7,21,113.551747,7.974749,105.576997,0.907950,0.064456,0.120499,155.545455
7,22,113.537891,8.107380,105.430511,0.908974,0.065597,0.120482,156.000000
7,23,113.273172,8.046259,105.226913,0.905843,0.065016,0.120118,155.958333
7,24,113.101709,8.093561,105.008148,0.900963,0.065070,0.119413,155.440000
7,25,112.779416,7.954472,104.824944,0.899001,0.063965,0.119291,155.576923
7,26,112.327277,7.892729,104.434548,0.893287,0.063320,0.118567,155.148148
7,27,112.064630,7.881023,104.183607,0.887212,0.062920,0.117756,154.285714
7,28,111.847138,7.926568,103.920571,0.893923,0.063996,0.118561,155.482759
7,29,111.711903,7.880992,103.830911,0.893070,0.063625,0.118492,155.433333
7,30,111.946626,7.842640,104.103986,0.896705,0.063397,0.119044,155.838710
7,31,112.161807,7.826874,104.334932,0.900838,0.063401,0.119634,156.500000
7,32,112.624560,7.871820,104.752740,0.906462,0.063885,0.120368,156.818182
7,33,113.103436,7.885925,105.217511,0.907883,0.063826,0.120580,156.617647
7,34,112.490551,7.910910,104.579641,0.899954,0.063724,0.119462,156.000000
7,35,112.457856,7.886958,104.570897,0.902102,0.063673,0.119776,156.305556
7,36,112.369783,7.913133,104.456650,0.899942,0.063754,0.119456,155.972973
7,37,112.774918,7.968436,104.806482,0.901435,0.064049,0.119627,155.763158
7,38,112.799398,7.954848,104.844550,0.900255,0.063842,0.119488,155.487179
7,39,112.695843,7.984732,104.711110,0.902170,0.064302,0.119695,155.825000
7,40,112.945457,8.050971,104.894486,0.905113,0.064905,0.120030,155.804878
7,41,113.028791,8.192739,104.836052,0.905680,0.066020,0.119951,155.833333
7,42,112.782705,8.243872,104.538833,0.903907,0.066441,0.119638,155.883721
7,43,113.112207,8.235207,104.877000,0.906546,0.066363,0.120026,155.818182
7,44,113.123253,8.179105,104.944147,0.909264,0.066038,0.120461,156.288889
7,45,113.292530,8.156400,105.136130,0.906889,0.065628,0.120180,155.717391
7,46,113.713006,8.203553,105.509454,0.910535,0.066021,0.120645,155.723404
7,47,113.549361,8.170926,105.378435,0.908221,0.065689,0.120362,155.437500
7,48,113.703260,8.142303,105.560958,0.910771,0.065527,0.120749,155.693878
7,49,113.338289,8.087164,105.251125,0.908279,0.065104,0.120454,155.840000
7,50,113.421426,8.068599,105.352827,0.906882,0.064824,0.120294,155.568627
7,51,113.602028,8.069862,105.532165,0.909567,0.064910,0.120665,155.826923
7,52,113.711360,8.050282,105.661078,0.910972,0.064779,0.120885,155.924528
7,53,113.785763,8.095600,105.690163,0.912590,0.065228,0.121052,156.000000
7,54,113.844362,8.130262,105.714100,0.914556,0.065628,0.121275,156.272727
7,55,114.020153,8.120078,105.900076,0.914386,0.065444,0.121277,156.000000
7,56,113.926221,8.081167,105.845054,0.912389,0.065059,0.121047,155.859649
7,57,113.974073,8.069058,105.905015,0.912934,0.064966,0.121138,155.844828
7,58,113.910366,8.036965,105.873401,0.911594,0.064657,0.120991,155.627119
7,59,113.686439,8.038440,105.647999,0.908715,0.064575,0.120591,155.433333
7,60,113.478249,8.027466,105.450783,0.907408,0.064509,0.120414,155.672131
7,61,113.383301,8.036724,105.346577,0.908539,0.064729,0.120544,155.935484
7,62,113.546635,8.116219,105.430416,0.908657,0.065235,0.120489,155.746032
7,63,113.556573,8.094758,105.461814,0.908738,0.065059,0.120526,155.765625
8,0,129.441113,21.738390,107.702723,3.380615,0.567742,0.401839,522.000000
8,1,124.748738,18.241922,106.506816,3.260408,0.476712,0.397671,520.500000
8,2,120.749415,15.364049,105.385365,3.167564,0.402511,0.395008,517.666667
8,3,117.083410,14.218749,102.864660,3.093848,0.374881,0.388424,517.750000
8,4,117.969299,15.722860,102.246439,3.156169,0.421755,0.390630,523.000000
8,5,120.448347,16.733694,103.714653,3.277821,0.457690,0.402876,524.666667
8,6,121.649194,16.916853,104.732342,3.295162,0.460200,0.404995,520.428571
8,7,123.896952,17.721485,106.175466,3.330837,0.477533,0.407615,515.000000
8,8,124.103436,17.977509,106.125926,3.336607,0.484327,0.407468,515.777778
8,9,122.720230,17.270056,105.450174,3.285110,0.463793,0.403045,514.900000
8,10,122.799356,17.036022,105.763334,3.273774,0.455793,0.402569,515.272727
8,11,122.889828,17.201631,105.688197,3.282100,0.460981,0.403017,515.833333
8,12,122.121551,16.568504,105.553047,3.256363,0.443537,0.401832,517.538462
8,13,122.476578,16.701004,105.775574,3.256171,0.445546,0.401518,517.928571
8,14,122.654622,17.044900,105.609721,3.268430,0.455901,0.401790,518.200000
8,15,122.043835,16.516806,105.527028,3.258264,0.442188,0.402297,519.937500
8,16,122.297546,16.761549,105.535998,3.272612,0.449889,0.403246,520.823529
8,17,122.066959,16.599797,105.467162,3.262977,0.445079,0.402557,520.111111
8,18,121.318385,16.234576,105.083809,3.239817,0.434963,0.400693,520.157895
8,19,120.937177,15.904343,105.032834,3.223741,0.425574,0.399738,519.300000
8,20,120.590548,15.647519,104.943030,3.216653,0.418849,0.399686,520.333333
8,21,120.962376,15.638433,105.323944,3.226737,0.418560,0.401168,520.772727
8,22,121.251740,15.736129,105.515611,3.227070,0.420071,0.401000,520.391304
8,23,121.090927,15.554891,105.536036,3.218130,0.414743,0.400484,520.083333
8,24,121.087338,15.484046,105.603292,3.220855,0.413127,0.401104,520.880000
8,25,120.717282,15.306632,105.410650,3.208806,0.408144,0.400094,520.500000
8,26,120.491171,15.166699,105.324472,3.206762,0.404776,0.400284,521.074074
8,27,120.472272,15.296122,105.176151,3.219181,0.410205,0.401282,522.642857
8,28,120.743026,15.617447,105.125579,3.228401,0.419121,0.401326,521.931034
8,29,120.965976,15.759161,105.206816,3.238396,0.423487,0.402130,522.233333
8,30,121.185910,15.807496,105.378414,3.237033,0.423751,0.401898,521.516129
8,31,121.044855,15.739681,105.305174,3.224703,0.420891,0.400544,520.781250
8,32,121.069931,15.795905,105.274026,3.222002,0.421855,0.400021,520.272727
8,33,121.398256,15.921682,105.476574,3.227482,0.424664,0.400403,520.323529
8,34,121.279016,15.955361,105.323655,3.224849,0.425599,0.399893,520.457143
8,35,121.262566,15.957075,105.305491,3.225026,0.425688,0.399905,520.166667
8,36,121.371811,15.989780,105.382030,3.237908,0.427890,0.401431,521.378378
8,37,121.853380,16.144635,105.708745,3.249583,0.431803,0.402540,521.368421
8,38,121.637080,16.012368,105.624712,3.245808,0.428436,0.402482,521.564103
8,39,121.666352,16.053996,105.612356,3.245020,0.429292,0.402247,520.825000
8,40,121.979730,16.357828,105.621903,3.261680,0.439128,0.403222,521.390244
8,41,122.285257,16.562652,105.722605,3.271111,0.444798,0.403759,521.690476
8,42,122.510282,16.660038,105.850244,3.278859,0.447634,0.404461,521.953488
8,43,122.184173,16.563303,105.620870,3.270756,0.445077,0.403668,521.818182
8,44,121.898883,16.369004,105.529878,3.260388,0.439643,0.402964,521.511111
8,45,121.880517,16.309299,105.571218,3.263496,0.438411,0.403584,522.239130
8,46,121.998451,16.518427,105.480024,3.271023,0.444871,0.403736,522.765957
8,47,121.748387,16.415437,105.332950,3.265397,0.442182,0.403317,522.562500
8,48,121.612660,16.320591,105.292069,3.258403,0.439256,0.402735,522.204082
8,49,121.404467,16.217860,105.186607,3.251673,0.436348,0.402189,522.160000
8,50,121.393854,16.135147,105.258708,3.252893,0.434243,0.402664,522.666667
8,51,121.470123,16.247051,105.223073,3.254120,0.437063,0.402437,522.692308
8,52,121.591444,16.265019,105.326425,3.253624,0.437006,0.402374,522.132075
8,53,121.973916,16.487026,105.486890,3.266665,0.443471,0.403313,522.185185
8,54,121.884188,16.466481,105.417707,3.262852,0.442701,0.402879,522.000000
8,55,121.940587,16.475290,105.465297,3.266234,0.443157,0.403297,522.178571
8,56,121.822345,16.386770,105.435574,3.261145,0.440563,0.402940,522.122807
8,57,121.662022,16.345199,105.316823,3.255000,0.439187,0.402259,521.672414
8,58,121.604626,16.372361,105.232264,3.255406,0.440177,0.402176,521.711864
8,59,121.491952,16.308440,105.183512,3.252226,0.438416,0.401973,521.783333
8,60,121.487051,16.241171,105.245880,3.248609,0.436234,0.401768,521.721311
8,61,121.547704,16.233347,105.314357,3.253535,0.436409,0.402447,522.000000
8,62,121.715265,16.283130,105.432136,3.257327,0.437610,0.402817,521.873016
8,63,121.584012,16.208135,105.375878,3.251881,0.435378,0.402358,521.796875
9,0,170.129123,71.546421,98.582702,3.004736,1.263617,0.248731,353.000000
9,1,161.055948,56.727930,104.328018,2.796917,0.988782,0.258305,345.500000
9,2,152.307112,48.226650,104.080462,2.700217,0.852728,0.263927,350.333333
9,3,148.425930,44.337897,104.088033,2.674069,0.794543,0.268504,353.500000
9,4,156.867530,50.351148,106.516381,2.812973,0.898585,0.273484,351.400000
9,5,167.055671,62.063386,104.992285,3.012230,1.118495,0.270534,348.666667
9,6,168.054416,63.502343,104.552074,3.057614,1.155872,0.271678,350.142857
9,7,173.674105,68.589282,105.084823,3.203603,1.269760,0.276263,352.500000
9,8,175.084135,70.473086,104.611049,3.201937,1.291299,0.272948,350.222222
9,9,170.409647,66.608685,103.800962,3.123344,1.222088,0.271608,352.500000
9,10,169.483184,65.197326,104.285857,3.091298,1.191302,0.271428,352.363636
9,11,169.546694,64.610959,104.935734,3.093476,1.180778,0.273243,352.250000
9,12,166.258980,61.384076,104.874904,3.011718,1.117863,0.270551,350.538462
9,13,165.916086,60.796751,105.119335,2.998697,1.104560,0.270591,351.071429
9,14,167.828958,61.897955,105.931003,3.037902,1.125920,0.273140,351.000000
9,15,165.690857,60.160945,105.529912,2.985222,1.090567,0.270665,349.437500
9,16,165.844714,60.102695,105.742019,2.968109,1.082135,0.269425,347.058824
9,17,164.279375,58.799434,105.479941,2.946970,1.060280,0.269527,348.000000
9,18,162.436281,57.165726,105.270555,2.911840,1.030241,0.268800,348.157895
9,19,160.901123,55.668455,105.232668,2.883552,1.002968,0.268655,348.200000
9,20,159.451280,54.438476,105.012804,2.849376,0.978798,0.267226,347.428571
9,21,159.307994,54.234769,105.073225,2.849433,0.975722,0.267673,348.090909
9,22,159.749935,54.528499,105.221436,2.850286,0.978192,0.267442,347.826087
9,23,159.044142,53.824110,105.220032,2.838098,0.965510,0.267513,348.208333
9,24,158.424133,53.300895,105.123238,2.822155,0.954587,0.266795,347.760000
9,25,156.994278,52.012046,104.982232,2.798118,0.931666,0.266636,348.038462
9,26,156.231859,51.423181,104.808678,2.783968,0.920850,0.266160,347.888889
9,27,156.608418,51.709956,104.898462,2.787308,0.924597,0.266101,347.214286
9,28,158.531746,53.454624,105.077122,2.824773,0.957060,0.266816,346.862069
9,29,164.331740,59.212307,105.119433,2.929433,1.060393,0.267006,346.766667
9,30,165.163259,60.064982,105.098277,2.941080,1.074005,0.266725,346.741935
9,31,164.871070,59.403408,105.467662,2.933496,1.061492,0.267429,346.968750
9,32,166.530313,60.926252,105.604062,2.964192,1.089036,0.267879,347.121212
9,33,166.664830,61.263315,105.401515,2.967212,1.095166,0.267435,347.588235
9,34,167.818797,62.201374,105.617423,2.988521,1.112086,0.268062,347.714286
9,35,168.001835,62.406309,105.595526,2.992736,1.115995,0.268106,347.583333
9,36,168.509108,62.897614,105.611493,2.996573,1.122387,0.267741,346.864865
9,37,170.273069,64.825893,105.447176,3.028485,1.156889,0.267371,347.026316
9,38,169.190737,64.044269,105.146467,3.009749,1.143026,0.266675,347.025641
9,39,169.793607,64.919644,104.873963,3.031169,1.163985,0.266741,347.750000
9,40,173.171742,68.066681,105.105061,3.087615,1.217614,0.267143,347.146341
9,41,175.065238,69.537673,105.527565,3.113760,1.239833,0.267704,346.642857
9,42,175.498468,69.761041,105.737427,3.118213,1.242407,0.267972,346.325581
9,43,175.182697,69.379921,105.802777,3.115423,1.236494,0.268418,346.500000
9,44,174.152099,68.389433,105.762666,3.095610,1.218535,0.268154,346.400000
9,45,174.261021,68.374277,105.886744,3.094766,1.217152,0.268231,346.152174
9,46,176.389494,70.304053,106.085441,3.127052,1.248165,0.268412,345.680851
9,47,175.465578,69.344344,106.121233,3.116475,1.232178,0.269185,346.250000
9,48,174.543199,68.505030,106.038170,3.098458,1.216906,0.268793,346.142857
9,49,174.017204,67.976227,106.040977,3.088625,1.207362,0.268752,346.180000
9,50,173.443480,67.425488,106.017992,3.074645,1.196524,0.268303,345.823529
9,51,173.424007,67.521840,105.902166,3.071362,1.196973,0.267770,345.596154
9,52,174.494745,68.659447,105.835297,3.095669,1.220066,0.267943,346.056604
9,53,174.969985,69.068937,105.901048,3.107097,1.228653,0.268349,346.129630
9,54,174.540110,68.677187,105.862923,3.096656,1.220776,0.267983,345.800000
9,55,174.132843,68.352234,105.780609,3.090855,1.215443,0.267916,345.910714
9,56,173.330667,67.620047,105.710619,3.076550,1.202395,0.267736,346.087719
9,57,173.241306,67.502744,105.738562,3.079936,1.202074,0.268266,346.568966
9,58,173.309798,67.489742,105.820056,3.084328,1.203004,0.268761,346.728814
9,59,172.808325,66.939492,105.868832,3.076034,1.193331,0.268958,346.883333
9,60,172.128396,66.403131,105.725265,3.060488,1.182857,0.268233,346.688525
9,61,172.637587,66.895832,105.741754,3.065436,1.189628,0.267973,346.161290
9,62,174.024057,68.266343,105.757713,3.094479,1.216543,0.268277,346.476190
9,63,173.420924,67.819157,105.601767,3.083110,1.208361,0.267821,346.562500
10,0,184.824301,19.545985,165.278316,0.810263,0.085689,0.181143,254.000000
10,1,174.986296,17.602642,157.383654,0.718216,0.072531,0.161421,238.500000
10,2,180.285879,18.273818,162.012062,0.735065,0.074688,0.165094,238.666667
10,3,176.878440,18.196258,158.682183,0.725338,0.074775,0.162641,239.500000
10,4,178.510341,18.813653,159.696688,0.744417,0.078701,0.166429,243.200000
10,5,180.749505,19.378333,161.371171,0.755907,0.081264,0.168661,245.500000
10,6,182.777169,19.853052,162.924117,0.754837,0.082105,0.168183,243.142857
10,7,185.572233,20.735787,164.836446,0.775492,0.086932,0.172140,245.750000
10,8,186.056440,20.736561,165.319879,0.775439,0.086677,0.172191,245.555556
10,9,185.193646,20.697342,164.496304,0.767241,0.085961,0.170320,244.700000
10,10,185.163919,20.667935,164.495984,0.772258,0.086386,0.171468,245.181818
10,11,184.870892,20.561339,164.309553,0.766610,0.085454,0.170289,243.666667
10,12,187.029943,21.339816,165.690127,0.777378,0.088928,0.172112,243.692308
10,13,188.476599,21.446681,167.029918,0.782623,0.089271,0.173338,243.500000
10,14,188.725762,21.166035,167.559727,0.782910,0.088025,0.173721,244.466667
10,15,188.831198,21.030044,167.801154,0.780215,0.087134,0.173270,243.500000
10,16,188.620359,21.011346,167.609013,0.774608,0.086513,0.172024,241.470588
10,17,187.657116,20.740592,166.916524,0.770662,0.085390,0.171318,241.333333
10,18,188.176286,21.080033,167.096253,0.769647,0.086339,0.170827,239.894737
10,19,186.174561,20.822914,165.351646,0.761224,0.085256,0.168992,239.800000
10,20,186.894518,20.925528,165.968990,0.759021,0.085083,0.168485,238.285714
10,21,186.515121,20.749527,165.765593,0.758322,0.084444,0.168470,238.272727
10,22,186.124121,20.870100,165.254021,0.755501,0.084767,0.167683,238.347826
10,23,186.595322,20.941989,165.653333,0.755076,0.084790,0.167572,238.125000
10,24,187.269752,21.295042,165.974710,0.758240,0.086280,0.167990,237.960000
10,25,187.537422,21.469436,166.067987,0.759971,0.087070,0.168225,238.230769
10,26,187.360485,21.711771,165.648714,0.756897,0.087688,0.167302,237.222222
10,27,186.911149,21.842062,165.069087,0.754832,0.088179,0.166663,236.678571
10,28,187.342645,21.915084,165.427561,0.754099,0.088178,0.166480,235.793103
10,29,187.649950,21.917645,165.732305,0.758343,0.088526,0.167454,236.366667
10,30,188.041077,22.126273,165.914804,0.762645,0.089757,0.168222,236.741935
10,31,188.122332,22.036136,166.086196,0.764345,0.089529,0.168704,237.250000
10,32,187.775460,22.041743,165.733716,0.763046,0.089566,0.168370,236.969697
10,33,187.746473,22.052888,165.693585,0.764075,0.089749,0.168581,237.088235
10,34,188.122836,22.132678,165.990158,0.767617,0.090322,0.169324,237.314286
10,35,187.596268,22.070741,165.525527,0.764689,0.089977,0.168678,237.388889
10,36,187.702324,22.158364,165.543961,0.764932,0.090309,0.168656,237.621622
10,37,187.603705,22.511050,165.092655,0.765174,0.091871,0.168326,237.631579
10,38,187.372699,22.505129,164.867570,0.763716,0.091781,0.167984,237.512821
10,39,187.609984,22.385115,165.224869,0.764604,0.091283,0.168330,237.500000
10,40,188.384067,22.708413,165.675654,0.768434,0.092709,0.168931,237.682927
10,41,188.199670,22.814492,165.385178,0.767867,0.093168,0.168675,237.666667
10,42,188.601486,22.797815,165.803670,0.770936,0.093252,0.169421,238.093023
10,43,188.477125,22.817367,165.659758,0.769159,0.093166,0.168998,237.681818
10,44,188.224953,22.720363,165.504590,0.768054,0.092762,0.168823,237.622222
10,45,188.320338,22.745636,165.574702,0.768644,0.092888,0.168939,237.717391
10,46,187.686641,22.774188,164.912454,0.766322,0.093044,0.168320,237.638298
10,47,187.464698,22.738898,164.725800,0.765469,0.092905,0.168141,237.750000
10,48,187.575897,22.805890,164.770007,0.764085,0.092930,0.167789,237.408163
10,49,187.728320,22.975560,164.752760,0.767537,0.094074,0.168366,237.880000
10,50,187.524189,22.959843,164.564346,0.765362,0.093839,0.167881,237.666667
10,51,187.548888,22.997672,164.551216,0.765918,0.094051,0.167967,237.576923
10,52,187.810153,23.161515,164.648639,0.768410,0.094942,0.168367,237.811321
10,53,187.845184,23.109251,164.735933,0.768695,0.094740,0.168489,237.796296
10,54,187.902922,23.048767,164.854155,0.767574,0.094349,0.168306,237.545455
10,55,188.009040,23.169422,164.839618,0.768871,0.094971,0.168475,237.553571
10,56,187.926736,23.203234,164.723501,0.769730,0.095269,0.168615,237.929825
10,57,187.854272,23.142733,164.711539,0.768836,0.094953,0.168471,237.637931
10,58,187.531860,22.973193,164.558667,0.767441,0.094250,0.168298,237.677966
10,59,187.513505,22.964457,164.549048,0.767189,0.094189,0.168250,237.600000
10,60,187.502611,22.849609,164.653002,0.768301,0.093814,0.168622,237.934426
10,61,187.130776,22.722445,164.408331,0.767120,0.093321,0.168450,238.129032
10,62,187.348692,22.777121,164.571572,0.767469,0.093471,0.168499,238.095238
10,63,187.425674,22.662794,164.762880,0.766777,0.092920,0.168464,237.984375
11,0,265.662490,102.590928,163.071562,3.553570,1.372283,0.545322,775.000000
11,1,236.746720,77.059867,159.686853,3.186051,1.035549,0.537625,786.000000
11,2,230.526986,70.392618,160.134368,3.095449,0.944517,0.537733,788.333333
11,3,223.837096,63.927734,159.909362,3.002963,0.857301,0.536415,785.000000
11,4,226.560968,64.123045,162.437923,3.017478,0.853969,0.540877,780.800000
11,5,230.636110,67.084384,163.551725,3.047769,0.885596,0.540543,779.500000
11,6,232.560020,68.569784,163.990236,3.077732,0.906794,0.542734,781.857143
11,7,238.930590,74.397063,164.533527,3.154231,0.980824,0.543352,779.875000
11,8,237.762048,72.820917,164.941131,3.131423,0.958218,0.543301,779.000000
11,9,244.253738,78.479117,165.774620,3.210112,1.029914,0.545050,779.600000
11,10,246.681479,80.906292,165.775187,3.258886,1.068497,0.547597,779.545455
11,11,244.825860,79.046800,165.779060,3.236935,1.044629,0.548076,780.333333
11,12,247.064188,80.808731,166.255457,3.276556,1.071693,0.551216,780.692308
11,13,247.138535,81.028562,166.109973,3.277143,1.074473,0.550668,780.571429
11,14,244.223441,78.911342,165.312099,3.222693,1.042572,0.545030,779.666667
11,15,243.095646,77.955529,165.140118,3.211649,1.030959,0.545173,780.625000
11,16,242.574791,77.844671,164.730120,3.221630,1.034908,0.546680,782.705882
11,17,240.152201,76.031844,164.120357,3.191785,1.011303,0.545121,782.833333
11,18,241.163452,77.208936,163.954516,3.219831,1.032447,0.546846,784.157895
11,19,239.350664,75.250628,164.100037,3.197022,1.006479,0.547636,784.500000
11,20,240.713427,76.363665,164.349762,3.221719,1.023672,0.549512,785.809524
11,21,240.092947,75.750366,164.342580,3.216616,1.016276,0.550085,785.772727
11,22,240.507247,75.843736,164.663511,3.215780,1.015473,0.550077,785.826087
11,23,240.675350,76.103372,164.571977,3.212700,1.017098,0.548900,786.125000
11,24,241.625671,76.943230,164.682442,3.230418,1.030109,0.550077,786.240000
11,25,241.420405,76.623597,164.796807,3.224577,1.024881,0.549924,786.000000
11,26,242.013072,76.746489,165.266583,3.241229,1.029182,0.553012,787.037037
11,27,242.460664,76.978511,165.482153,3.255845,1.035062,0.555196,787.357143
11,28,242.307270,76.788227,165.519043,3.260554,1.034491,0.556516,788.413793
11,29,243.329362,77.525485,165.803877,3.276049,1.045003,0.557761,787.800000
11,30,249.226100,83.281556,165.944544,3.361353,1.126012,0.558835,787.290323
11,31,247.805365,82.150892,165.654473,3.339690,1.110097,0.557398,786.843750
11,32,248.146253,82.455463,165.690790,3.350183,1.116212,0.558493,787.090909
11,33,249.516190,83.845021,165.671169,3.371406,1.136085,0.558830,786.970588
11,34,249.461933,83.849996,165.611937,3.374506,1.137362,0.559286,786.771429
11,35,249.296194,83.693922,165.602272,3.366544,1.133326,0.558304,786.638889
11,36,250.698302,85.018297,165.680005,3.379366,1.148434,0.557733,786.432432
11,37,252.380222,86.361716,166.018506,3.405650,1.168041,0.559402,786.447368
11,38,252.636555,86.419053,166.217502,3.408307,1.168476,0.559958,786.538462
11,39,251.591320,85.464871,166.126450,3.393263,1.155323,0.559485,786.575000
11,40,252.841126,86.260578,166.580548,3.409431,1.165722,0.560927,786.439024
11,41,252.599875,85.965230,166.634645,3.407861,1.162191,0.561418,786.571429
11,42,252.196031,85.636498,166.559532,3.399553,1.156826,0.560682,785.930233
11,43,252.166044,85.574807,166.591237,3.401036,1.156562,0.561118,786.340909
11,44,251.620761,85.189238,166.431522,3.394182,1.151459,0.560681,786.400000
11,45,251.320161,84.989832,166.330329,3.389535,1.148529,0.560251,786.347826
11,46,252.244805,85.484742,166.760063,3.405392,1.156399,0.562248,786.404255
11,47,251.461298,84.769416,166.691881,3.393785,1.146448,0.561834,786.416667
11,48,251.523273,84.771101,166.752172,3.392514,1.145720,0.561699,786.693878
11,49,254.350786,87.656585,166.694200,3.435333,1.187321,0.562003,786.280000
11,50,254.148919,87.430333,166.718586,3.429179,1.183130,0.561512,786.372549
11,51,254.485221,87.830483,166.654738,3.437665,1.190036,0.561907,786.442308
11,52,255.453990,88.643508,166.810482,3.452289,1.201609,0.562670,786.207547
11,53,254.599456,87.826942,166.772514,3.441541,1.190676,0.562716,786.222222
11,54,253.982402,87.309846,166.672556,3.432225,1.183361,0.562216,786.636364
11,55,253.852118,87.169599,166.682519,3.433267,1.182306,0.562740,786.464286
11,56,253.690896,87.100024,166.590871,3.429967,1.180925,0.562260,786.175439
11,57,253.380017,86.939465,166.440552,3.428299,1.179534,0.562191,786.413793
11,58,252.424595,86.137776,166.286819,3.414886,1.168535,0.561588,786.474576
11,59,252.220397,86.054153,166.166244,3.412568,1.167500,0.561267,786.500000
11,60,251.795554,85.731115,166.064439,3.405781,1.162772,0.560752,786.147541
11,61,251.370744,85.311940,166.058804,3.398313,1.156595,0.560429,785.919355
11,62,251.175903,85.021313,166.154590,3.394310,1.152231,0.560520,786.000000
11,63,250.540781,84.447293,166.093488,3.383265,1.143858,0.559852,785.968750
